{"cameraMode":{"drawMode":0,"name":"Shaded","section":"Shading Mode"},"sceneLighting":true,"audioPlay":false,"sceneViewState":{"m_AlwaysRefresh":false,"showFog":true,"showSkybox":true,"showFlares":true,"showImageEffects":true,"showParticleSystems":true,"showVisualEffectGraphs":true,"m_FxEnabled":true},"in2DMode":false,"pivot":{"x":-0.08433470129966736,"y":0.9489727020263672,"z":-175.1227569580078},"rotation":{"x":-0.00004547615390038118,"y":0.9998823404312134,"z":-0.019509755074977876,"w":-0.005676868371665478},"size":12.124356269836426,"orthographic":false}